City_ID,City,Country,Lat,Lng,Max Temp,Humidity,Cloudiness,Wind Speed,Current Description
0,Eenhana,NA,-17.4667,16.3333,71.24,19,71,3.56,broken clouds
1,Sandwick,GB,60.0,-1.25,53.42,87,20,20.71,light rain
2,Hulyaypole,UA,47.6653,36.2578,51.89,68,6,6.78,clear sky
3,Punta Arenas,CL,-53.15,-70.9167,42.91,70,75,14.97,broken clouds
4,Port Alfred,ZA,-33.5906,26.891,58.17,87,100,4.0,overcast clouds
5,Upernavik,GL,72.7868,-56.1549,25.16,89,100,0.78,light snow
6,Cape Town,ZA,-33.9258,18.4232,60.39,72,40,3.44,scattered clouds
7,Sao Gabriel Da Cachoeira,BR,-0.1303,-67.0892,78.84,72,17,2.57,few clouds
8,Klaksvik,FO,62.2266,-6.589,45.52,76,50,14.36,scattered clouds
9,Melendugno,IT,40.2747,18.3368,65.05,94,0,8.05,clear sky
10,Gondar,ET,12.6,37.4667,54.95,72,37,6.29,scattered clouds
11,Murgab,TM,37.4966,61.9714,49.87,53,0,0.0,clear sky
12,Nortelandia,BR,-14.4547,-56.8028,79.38,69,100,4.27,overcast clouds
13,Yar-Sale,RU,66.8333,70.8333,35.42,97,100,10.33,overcast clouds
14,Pangnirtung,CA,66.1451,-65.7125,28.83,92,100,3.11,light snow
15,Kruisfontein,ZA,-34.0033,24.7314,60.89,77,100,12.01,overcast clouds
16,Ushuaia,AR,-54.8,-68.3,42.46,65,75,2.3,broken clouds
17,Bredasdorp,ZA,-34.5322,20.0403,50.58,87,0,4.59,clear sky
18,Walvis Bay,NA,-22.9575,14.5053,52.75,87,0,6.91,clear sky
19,Maniitsoq,GL,65.4167,-52.9,31.1,93,100,4.88,light snow
20,Hermanus,ZA,-34.4187,19.2345,51.8,75,4,2.44,clear sky
21,Angoche,MZ,-16.2325,39.9086,70.23,88,0,5.91,clear sky
22,Iqaluit,CA,63.7506,-68.5145,19.13,92,20,6.91,few clouds
23,Jamestown,US,42.097,-79.2353,60.71,54,0,4.61,clear sky
24,Dogondoutchi,NE,13.6393,4.0287,85.37,46,15,4.79,few clouds
25,Olafsvik,IS,64.8945,-23.7142,41.63,69,100,13.71,overcast clouds
26,Morshansk,RU,53.4435,41.8107,49.1,94,52,1.01,broken clouds
27,Husavik,IS,66.0449,-17.3389,36.3,98,100,11.05,overcast clouds
28,Longyearbyen,SJ,78.2186,15.6401,39.04,75,75,13.8,light rain
29,Bandarbeyla,SO,9.4942,50.8122,77.25,81,1,19.06,clear sky
30,Ilulissat,GL,69.2167,-51.1,28.42,100,100,2.3,light snow
31,Tasiilaq,GL,65.6145,-37.6368,35.76,69,19,4.7,few clouds
32,San Ramon,US,37.7799,-121.978,88.65,46,0,12.66,clear sky
33,Palmeirais,BR,-5.9778,-43.0633,81.64,33,84,4.59,broken clouds
34,Chuy,UY,-33.6971,-53.4616,56.79,94,100,17.31,overcast clouds
35,Vila Franca Do Campo,PT,37.7167,-25.4333,69.19,85,8,5.28,clear sky
36,Georgetown,MY,5.4112,100.3354,82.24,86,20,3.44,few clouds
37,Nova Olimpia,BR,-14.7972,-57.2881,77.27,77,100,1.63,overcast clouds
38,Busselton,AU,-33.65,115.3333,56.05,62,75,1.72,broken clouds
39,Goregaon,IN,18.1667,73.3,74.28,93,100,1.12,overcast clouds
40,Axim,GH,4.8699,-2.2405,75.45,93,91,7.94,overcast clouds
41,Athens,GR,37.9795,23.7162,67.37,54,20,11.99,few clouds
42,Atlantic Beach,US,30.3344,-81.3987,75.22,66,0,8.05,clear sky
43,Paamiut,GL,61.994,-49.6678,33.76,71,100,8.19,overcast clouds
44,Laguna,US,38.421,-121.4238,94.98,27,0,12.66,clear sky
45,Qasigiannguit,GL,68.8193,-51.1922,28.65,90,100,3.94,overcast clouds
46,Strenci,LV,57.6257,25.6854,51.17,77,85,14.56,overcast clouds
47,Key West,US,24.5557,-81.7826,84.2,70,0,9.22,clear sky
48,Omboue,GA,-1.5746,9.2618,76.33,87,100,8.14,light rain
49,Karlovo,BG,42.6333,24.8,42.21,52,96,4.03,overcast clouds
50,Nalut,LY,30.3333,10.85,67.51,54,0,11.56,clear sky
51,Port Elizabeth,ZA,-33.918,25.5701,63.1,84,0,13.8,clear sky
52,Souillac,MU,-20.5167,57.5167,69.73,71,12,14.72,few clouds
53,Nouadhibou,MR,20.931,-17.0347,75.18,69,24,23.02,sand
54,Namibe,AO,-15.1961,12.1522,61.23,89,77,3.53,broken clouds
55,Mar Del Plata,AR,-38.0023,-57.5575,55.42,81,0,7.0,clear sky
56,Umm Kaddadah,SD,13.6017,26.6876,82.51,53,50,8.23,scattered clouds
57,Santa Lucia,ES,27.9117,-15.5407,65.52,68,20,17.27,few clouds
58,Ribeira Grande,PT,38.5167,-28.7,71.55,83,91,11.72,overcast clouds
59,Constitucion,CL,-35.3333,-72.4167,53.17,85,41,8.1,scattered clouds
60,Monrovia,LR,6.3005,-10.7969,75.25,92,100,3.87,light rain
61,Kristiansund,NO,63.1115,7.732,50.65,66,20,17.27,few clouds
62,Virtsu,EE,58.5716,23.5115,55.98,69,100,29.75,overcast clouds
63,Dikson,RU,73.5069,80.5464,33.58,98,100,20.02,light snow
64,Draguignan,FR,43.5333,6.4667,60.22,91,6,2.3,clear sky
65,Swellendam,ZA,-34.0226,20.4417,57.04,71,100,0.67,overcast clouds
66,Muli,MV,2.9167,73.5667,81.52,77,13,17.83,few clouds
67,Qaanaaq,GL,77.484,-69.3632,16.41,90,100,7.65,overcast clouds
68,Belmonte,BR,-15.8631,-38.8828,74.32,91,99,6.33,overcast clouds
69,Gat,IL,31.61,34.7642,74.08,100,0,3.89,clear sky
70,Luderitz,NA,-26.6481,15.1594,59.61,54,27,19.01,scattered clouds
71,Richards Bay,ZA,-28.783,32.0377,69.35,83,100,16.87,overcast clouds
72,Camopi,GF,3.1655,-52.3158,76.51,74,76,5.79,broken clouds
73,Altamira,BR,-3.2033,-52.2064,74.86,86,99,2.86,overcast clouds
74,Bentiu,SS,9.2333,29.8333,73.04,83,32,0.76,scattered clouds
75,Cap Malheureux,MU,-19.9842,57.6142,69.48,71,4,5.01,clear sky
76,Arraial Do Cabo,BR,-22.9661,-42.0278,70.7,94,99,28.43,light rain
77,Saint-Pierre,RE,-21.3393,55.4781,68.92,68,0,6.91,clear sky
78,Torbay,CA,47.6666,-52.7314,55.58,96,100,4.61,fog
79,Uppsala,SE,60.0,17.75,51.31,76,20,11.5,few clouds
80,Nanortalik,GL,60.1432,-45.2371,36.7,87,100,8.75,overcast clouds
81,Saint-Philippe,RE,-21.3585,55.7679,63.99,79,32,11.12,scattered clouds
82,Havre-Saint-Pierre,CA,50.2334,-63.5986,48.56,93,20,2.3,few clouds
83,Tocache,PE,-8.1842,-76.5125,73.06,91,99,0.72,overcast clouds
84,Linhares,BR,-19.3911,-40.0722,72.45,86,100,2.44,overcast clouds
85,Cap-Aux-Meules,CA,47.3821,-61.8597,55.45,94,75,9.22,broken clouds
86,Lagoa,PT,39.05,-27.9833,69.87,90,13,13.29,few clouds
87,Yarumal,CO,6.9632,-75.4174,52.75,99,100,0.31,overcast clouds
88,Ivanivka,UA,46.7208,34.553,54.16,61,82,6.13,broken clouds
89,Skibotn,NO,69.3913,20.2679,42.58,95,83,7.47,light rain
90,San Rafael,AR,-34.6177,-68.3301,66.29,26,7,7.47,clear sky
91,Bonavista,CA,48.6499,-53.1147,54.16,86,37,6.67,scattered clouds
92,La Paz,BO,-16.5,-68.15,53.58,18,20,8.05,few clouds
93,Port-Gentil,GA,-0.7193,8.7815,77.5,84,100,12.12,overcast clouds
94,Hithadhoo,MV,-0.6,73.0833,80.6,79,100,20.11,light rain
95,Mitu,CO,1.1983,-70.1733,77.72,76,24,2.42,few clouds
96,Tabou,CI,4.423,-7.3528,75.52,91,94,6.22,overcast clouds
97,Natal,BR,-5.795,-35.2094,80.82,83,20,6.91,few clouds
98,Mabaruma,GY,8.2,-59.7833,75.52,95,100,2.93,overcast clouds
99,Coihaique,CL,-45.5752,-72.0662,40.95,75,20,3.44,few clouds
100,Ponta Do Sol,PT,32.6667,-17.1,72.23,63,14,6.29,few clouds
101,El Dorado,US,38.7666,-120.5177,83.43,28,7,1.99,clear sky
102,Lodja,CD,-3.4833,23.4333,68.77,98,98,2.84,overcast clouds
103,Salou,ES,41.0766,1.1416,71.04,68,0,5.75,clear sky
104,East London,ZA,-33.0153,27.9116,62.82,66,100,11.18,overcast clouds
105,Clyde River,CA,70.4692,-68.5914,25.03,80,100,0.0,overcast clouds
106,Nyuksenitsa,RU,60.4128,44.2397,47.3,94,100,11.39,overcast clouds
107,Sao Jose Da Coroa Grande,BR,-8.8978,-35.1478,75.51,87,9,6.4,clear sky
108,Bengkulu,ID,-3.8004,102.2655,73.02,86,100,4.92,light rain
109,Mgandu,TZ,-5.95,34.1333,60.49,60,98,9.73,overcast clouds
110,Poroszlo,HU,47.65,20.6667,54.01,70,95,5.95,light rain
111,Copiapo,CL,-27.3667,-70.3333,51.49,28,6,1.7,clear sky
112,Adeje,ES,28.1227,-16.726,70.9,83,75,5.75,broken clouds
113,Turukhansk,RU,65.8167,87.9833,26.02,97,100,7.83,overcast clouds
114,Dawlatabad,AF,36.4141,64.9053,51.04,21,0,2.28,clear sky
115,Mahebourg,MU,-20.4081,57.7,69.26,70,67,15.73,broken clouds
116,Ferrol,ES,43.4832,-8.2369,64.27,92,15,7.47,few clouds
117,Mitsamiouli,KM,-11.3847,43.2844,76.17,77,4,9.19,clear sky
118,Vardo,NO,70.3705,31.1107,42.78,81,7,16.11,clear sky
119,Carutapera,BR,-1.195,-46.02,78.39,79,49,8.12,scattered clouds
120,Tessalit,ML,20.1986,1.0114,86.31,19,2,9.91,clear sky
121,Grand-Lahou,CI,5.1367,-5.0242,74.89,94,87,7.52,light rain
122,Kutum,SD,14.2,24.6667,76.44,27,100,4.68,overcast clouds
123,Bambous Virieux,MU,-20.3428,57.7575,69.22,71,77,15.68,broken clouds
124,Castro,BR,-24.7911,-50.0119,62.65,96,100,13.11,moderate rain
125,Puerto Suarez,BO,-18.95,-57.8,69.17,96,100,3.96,overcast clouds
126,Nantucket,US,41.2835,-70.0995,55.51,100,100,0.0,mist
127,Praia Da Vitoria,PT,38.7333,-27.0667,70.75,94,75,10.27,light intensity shower rain
128,Saint George,US,37.1041,-113.5841,86.59,23,0,0.0,clear sky
129,Amapa,BR,1.0,-52.0,77.58,71,11,5.82,few clouds
130,Dunkwa,GH,5.9656,-1.78,71.89,99,98,2.3,light rain
131,Luis Correia,BR,-2.8792,-41.6669,79.09,80,20,14.16,few clouds
132,Ostersund,SE,63.1792,14.6357,46.85,61,20,10.36,few clouds
133,Resistencia,AR,-27.4606,-58.9839,62.65,84,20,4.61,few clouds
134,Ilhabela,BR,-23.7781,-45.3581,70.77,95,100,1.99,overcast clouds
135,Letlhakane,BW,-21.4167,25.5833,71.53,27,0,7.54,clear sky
136,Mananjary,MG,-21.2167,48.3333,63.97,92,44,5.35,scattered clouds
137,Touros,BR,-5.1989,-35.4608,77.07,85,19,11.05,few clouds
138,Carupano,VE,10.6678,-63.2585,77.63,89,100,7.85,overcast clouds
139,Borskoye,RU,53.0333,51.7167,41.13,93,9,5.59,clear sky
140,Paramonga,PE,-10.6667,-77.8333,61.57,83,9,9.31,clear sky
141,Camana,PE,-16.6228,-72.7111,60.94,82,5,7.7,clear sky
142,Awbari,LY,26.5921,12.7805,69.71,47,0,8.34,clear sky
143,Ilebo,CD,-4.3167,20.5833,69.75,96,100,0.43,overcast clouds
144,Wattegama,LK,6.7989,81.4808,75.04,82,100,3.29,overcast clouds
145,Acarau,BR,-2.8856,-40.12,77.99,82,6,13.15,clear sky
146,Barra Do Bugres,BR,-15.0725,-57.1811,76.89,76,100,2.04,moderate rain
147,Bahia Blanca,AR,-38.7196,-62.2724,50.65,62,7,8.16,clear sky
148,Coquimbo,CL,-29.9533,-71.3436,56.93,88,0,2.3,clear sky
149,Krasnyy,RU,54.5678,31.4333,46.2,93,2,11.56,clear sky
150,Barreirinhas,BR,-2.7469,-42.8264,78.57,84,54,12.44,broken clouds
151,Hamilton,US,39.1834,-84.5333,65.71,66,40,3.44,scattered clouds
152,Mahibadhoo,MV,3.7833,72.9667,82.2,74,99,16.82,overcast clouds
153,Berlevag,NO,70.8578,29.0864,44.6,75,75,19.57,broken clouds
154,Raudeberg,NO,61.9875,5.1352,52.47,11,100,32.39,overcast clouds
155,Maceio,BR,-9.6658,-35.7353,76.44,94,40,5.75,scattered clouds
156,Rio Grande,BR,-32.035,-52.0986,66.31,95,100,14.52,overcast clouds
157,Jalu,LY,29.0331,21.5482,66.87,57,0,7.87,clear sky
158,Kokologo,BF,12.1897,-1.8856,73.26,67,13,5.12,few clouds
159,Dingle,PH,10.9995,122.6711,84.22,79,35,6.78,scattered clouds
160,Breytovo,RU,58.2993,37.8617,49.93,85,35,14.61,scattered clouds
161,Los Llanos De Aridane,ES,28.6585,-17.9182,69.55,87,100,20.71,overcast clouds
162,Rawson,AR,-43.3002,-65.1023,52.27,58,73,7.18,broken clouds
163,Dunda,TZ,-8.1167,34.25,61.03,60,24,3.96,few clouds
164,Hambantota,LK,6.1241,81.1185,73.74,100,20,2.3,few clouds
165,Buritis,BR,-15.6178,-46.4233,82.63,42,95,2.17,overcast clouds
166,Viedma,AR,-40.8135,-62.9967,52.56,34,5,5.84,clear sky
167,Jalingo,NG,8.8833,11.3667,71.67,96,100,2.33,overcast clouds
168,Kedrovyy,RU,56.1667,91.8167,32.41,96,100,2.64,overcast clouds
169,Goderich,CA,43.7501,-81.7165,61.12,88,100,11.5,overcast clouds
170,Mehamn,NO,71.0357,27.8492,44.55,81,100,24.16,overcast clouds
171,Carnarvon,AU,-24.8667,113.6333,64.76,46,0,22.93,clear sky
172,Ballina,AU,-28.8667,153.5667,72.79,79,44,13.35,scattered clouds
173,Cockburn Town,TC,21.4612,-71.1419,83.03,74,60,15.55,broken clouds
174,Ponta Delgada,PT,37.7333,-25.6667,69.49,82,20,2.3,few clouds
175,Bodden Town,KY,19.2833,-81.25,84.2,81,20,12.66,few clouds
176,Asilah,MA,35.465,-6.0348,73.36,78,48,18.21,scattered clouds
177,Gap,FR,44.6667,6.0,39.83,86,20,2.59,few clouds
178,Abha,SA,18.2164,42.5053,66.02,30,0,0.0,clear sky
179,Djambala,CG,-2.5447,14.7533,67.1,94,100,1.66,light rain
180,Surgut,RU,61.25,73.4167,42.98,100,20,8.99,few clouds
181,Sao Joao Da Barra,BR,-21.6403,-41.0511,75.29,91,100,15.82,overcast clouds
182,Segou,ML,13.4317,-6.2157,79.0,65,51,6.08,broken clouds
183,Brandfort,ZA,-28.7001,26.4597,53.01,28,94,6.93,overcast clouds
184,Atakpame,TG,7.5333,1.1333,70.56,99,100,3.49,light rain
185,Nuuk,GL,64.1835,-51.7216,31.87,82,94,1.01,overcast clouds
186,Aswan,EG,24.0934,32.907,82.36,33,26,13.42,scattered clouds
187,Bajil,YE,15.0584,43.2851,86.72,66,94,1.48,overcast clouds
188,Brae,GB,60.3964,-1.353,52.88,87,100,26.57,light rain
189,Victoria,HK,22.2855,114.1577,86.38,76,41,10.0,scattered clouds
190,Necochea,AR,-38.5473,-58.7368,49.12,87,4,8.39,clear sky
191,Marsh Harbour,BS,26.5412,-77.0636,78.76,67,12,13.56,few clouds
192,Lichtenburg,ZA,-26.152,26.1597,68.29,26,4,11.18,clear sky
193,Gantt,US,34.8001,-82.4243,67.82,75,0,0.0,clear sky
194,Sasovo,RU,54.3537,41.9199,49.1,90,89,1.01,overcast clouds
195,Thompson,CA,55.7435,-97.8558,33.96,55,20,5.75,few clouds
196,Hurghada,EG,27.2574,33.8129,80.64,50,0,8.05,clear sky
197,Ust-Ishim,RU,57.6935,71.1665,45.99,53,100,7.43,overcast clouds
198,Grand Gaube,MU,-20.0064,57.6608,69.39,71,1,3.0,clear sky
199,Ugoofaaru,MV,5.6667,73.0,81.73,72,9,16.08,clear sky
200,Pokhara,NP,28.2333,83.9833,67.75,89,99,4.68,moderate rain
201,Falesti,MD,47.5736,27.7092,56.46,85,84,4.92,broken clouds
202,Orcopampa,PE,-15.2661,-72.3417,45.73,21,0,5.53,clear sky
203,Taoudenni,ML,22.6783,-3.9836,95.02,19,91,5.77,overcast clouds
204,Gopalpur,IN,19.2667,84.9167,80.58,82,100,1.86,overcast clouds
205,Semnan,IR,35.5729,53.3971,65.55,44,0,5.77,clear sky
206,Usevya,TZ,-7.1,31.2333,71.83,39,75,12.33,broken clouds
207,Harper,LR,4.375,-7.7169,75.92,89,98,6.2,overcast clouds
208,Loiza,PR,18.4313,-65.8802,83.07,81,40,5.75,scattered clouds
209,Coruripe,BR,-10.1256,-36.1756,75.13,87,11,9.28,few clouds
210,Thinadhoo,MV,0.5333,72.9333,81.34,77,55,18.97,broken clouds
211,Mandali,IQ,33.7499,45.5541,87.03,11,0,7.23,clear sky
212,Pisco,PE,-13.7,-76.2167,60.03,82,0,13.8,clear sky
213,Manturovo,RU,58.3353,44.7619,45.88,93,100,9.95,overcast clouds
214,Ponta Pora,BR,-22.5361,-55.7256,61.2,93,100,9.4,overcast clouds
215,Villa Florida,PY,-26.3833,-57.15,59.05,86,36,6.06,scattered clouds
216,Cabedelo,BR,-6.9811,-34.8339,77.67,87,26,9.24,scattered clouds
217,Glogow,PL,51.6636,16.0845,48.52,72,8,3.87,clear sky
218,Am Timan,TD,11.0297,20.2827,70.52,87,100,3.51,overcast clouds
219,Macau,MO,22.2006,113.5461,85.86,83,40,10.36,scattered clouds
220,Remedios,CU,22.4947,-79.5458,78.17,79,32,8.1,scattered clouds
221,Sao Felix Do Xingu,BR,-6.6447,-51.995,76.78,69,53,1.36,light rain
222,Sarh,TD,9.1429,18.3923,69.69,97,100,1.74,overcast clouds
223,Urengoy,RU,65.9667,78.3667,32.23,95,100,14.56,light snow
224,Adrar,MR,20.5022,-10.0711,87.8,19,0,8.39,clear sky
225,Lasa,IT,46.6166,10.7002,54.48,80,42,2.62,scattered clouds
226,Rio Gallegos,AR,-51.6226,-69.2181,48.25,37,0,12.66,clear sky
227,Pergamino,AR,-33.89,-60.5736,56.91,52,3,1.99,clear sky
228,Longonjo,AO,-12.9067,15.2533,66.6,75,100,1.5,overcast clouds
229,Danville,US,36.586,-79.395,62.87,84,0,1.01,clear sky
230,Ongole,IN,15.5,80.05,76.59,86,96,6.6,overcast clouds
231,Fonte Boa,BR,-2.4959,-66.2662,81.21,65,18,1.68,few clouds
232,Bluefield,US,37.2698,-81.2223,54.16,79,0,3.44,clear sky
233,Henties Bay,NA,-22.116,14.2845,53.67,93,3,4.68,clear sky
234,Grindavik,IS,63.8424,-22.4338,39.67,75,40,24.16,scattered clouds
235,Lebu,CL,-37.6167,-73.65,52.68,96,100,9.33,overcast clouds
236,Chambas,CU,22.1928,-78.9136,75.74,81,9,5.7,clear sky
237,Tefe,BR,-3.3542,-64.7114,83.57,55,90,1.74,overcast clouds
238,Breves,BR,-1.6822,-50.4803,79.74,69,16,6.31,few clouds
239,Talnakh,RU,69.4865,88.3972,21.67,97,100,9.46,overcast clouds
240,Bubaque,GW,11.2833,-15.8333,81.27,71,5,6.8,clear sky
241,Krasnoselkup,RU,65.7,82.4667,30.09,89,100,12.64,overcast clouds
242,Cidreira,BR,-30.1811,-50.2056,64.18,94,100,11.81,moderate rain
243,Yei,SS,4.095,30.6779,65.75,94,100,0.56,overcast clouds
244,Tabas,IR,33.5959,56.9244,64.8,6,0,2.98,clear sky
245,Meulaboh,ID,4.1363,96.1285,74.62,93,100,4.72,overcast clouds
246,Kavaratti,IN,10.5669,72.642,81.07,74,89,12.8,overcast clouds
247,Roald,NO,62.5833,6.1333,52.75,71,100,19.57,moderate rain
248,Sisimiut,GL,66.9395,-53.6735,29.17,88,100,6.31,overcast clouds
249,Marzuq,YE,14.4,46.4667,70.45,48,77,1.74,broken clouds
250,El Alto,PE,-4.2714,-81.2147,61.54,86,50,14.23,scattered clouds
251,Narsaq,GL,60.9167,-46.05,26.47,75,100,6.6,overcast clouds
252,Antofagasta,CL,-23.65,-70.4,56.48,63,36,3.8,scattered clouds
253,Marawi,PH,7.9986,124.2928,80.42,65,13,1.32,few clouds
254,Ambanja,MG,-13.6833,48.45,70.23,80,13,2.93,few clouds
255,Saint-Paul,RE,-21.0096,55.2707,69.89,80,49,1.19,scattered clouds
256,Inhambane,MZ,-23.865,35.3833,70.07,88,0,8.43,clear sky
257,Rurrenabaque,BO,-14.4413,-67.5278,79.7,67,91,0.38,overcast clouds
258,Acari,PE,-15.4311,-74.6158,65.12,72,11,3.58,few clouds
259,Manisa,TR,38.8333,28.1667,52.02,85,54,6.15,broken clouds
260,Najran,SA,17.4924,44.1277,75.85,27,98,3.47,overcast clouds
261,Goure,NE,13.9835,10.2704,81.01,50,69,5.08,broken clouds
262,Nadvoitsy,RU,63.8667,34.3167,47.55,80,100,14.32,overcast clouds
263,Cayenne,GF,4.9333,-52.3333,80.64,78,0,4.61,clear sky
264,Glyadyanskoye,RU,54.9075,65.0883,47.32,31,100,6.49,overcast clouds
265,Nevers,FR,46.9167,3.3333,51.01,87,100,2.3,overcast clouds
266,Westport,US,41.1415,-73.3579,64.17,78,0,1.01,clear sky
267,Les Cayes,HT,18.2,-73.75,79.5,82,99,1.57,overcast clouds
268,Khartoum,SD,15.5518,32.5324,85.01,62,19,1.01,few clouds
269,Makinsk,KZ,52.6292,70.4169,45.9,61,98,8.16,overcast clouds
270,Bongandanga,CD,1.5,21.05,68.97,98,100,2.46,overcast clouds
271,Luanda,AO,-8.8368,13.2343,74.75,85,100,12.46,overcast clouds
272,Saldanha,ZA,-33.0117,17.9442,50.05,76,0,10.71,clear sky
273,Padang,ID,-0.9492,100.3543,73.45,88,100,2.3,light rain
274,Limon,CR,10.0,-83.0333,80.49,83,0,0.0,clear sky
275,Bahia Honda,CU,22.9036,-83.1592,77.05,83,8,7.9,clear sky
276,Boa Vista,BR,2.8197,-60.6733,82.38,65,0,4.61,clear sky
277,Nizwa,OM,22.9333,57.5333,76.06,35,0,1.14,clear sky
278,Quatre Cocos,MU,-20.2078,57.7625,69.1,73,58,15.55,broken clouds
279,Margate,GB,51.3813,1.3862,57.31,89,8,1.99,clear sky
280,Caucaia,BR,-3.7361,-38.6531,79.03,78,20,6.91,few clouds
281,Severodvinsk,RU,64.5635,39.8302,44.71,88,100,16.06,heavy intensity rain
282,Calabar,NG,4.9517,8.322,72.95,98,100,4.18,moderate rain
283,Conakry,GN,9.538,-13.6773,79.29,78,11,4.9,few clouds
284,Savyntsi,UA,49.4026,37.0627,49.66,71,66,5.57,broken clouds
285,Port Shepstone,ZA,-30.7414,30.455,64.99,82,68,13.78,light rain
286,Puerto Del Rosario,ES,28.5004,-13.8627,73.15,78,0,11.5,clear sky
287,Yahotyn,UA,50.2798,31.7625,52.52,90,97,6.2,overcast clouds
288,Ruyigi,BI,-3.45,30.3167,63.63,63,83,2.42,broken clouds
289,Forestville,US,38.8451,-76.875,64.63,88,0,0.0,clear sky
290,Usogorsk,RU,63.4106,48.6872,44.89,90,100,11.65,overcast clouds
291,Araouane,ML,18.9048,-3.5265,91.98,15,5,4.47,clear sky
292,Andenes,NO,69.3143,16.1194,46.38,76,100,25.32,light rain
293,Santa Maria,BR,-29.6842,-53.8069,63.7,100,75,6.91,thunderstorm with light rain
294,Barra Do Corda,BR,-5.5,-45.25,82.27,40,38,2.21,scattered clouds
295,General Roca,AR,-39.0333,-67.5833,61.45,49,100,28.03,overcast clouds
296,Islamkot,PK,24.6997,70.177,82.96,54,100,8.7,overcast clouds
297,La Rioja,ES,42.25,-2.5,47.98,77,100,6.22,overcast clouds
298,Huarmey,PE,-10.0681,-78.1522,62.53,83,17,9.26,few clouds
299,Saint-Louis,SN,16.3333,-15.0,87.44,61,7,10.98,clear sky
300,Hualmay,PE,-11.0964,-77.6139,61.48,82,7,9.01,clear sky
301,Porto Velho,BR,-8.7619,-63.9039,80.65,83,0,1.14,clear sky
302,Bilma,NE,18.6853,12.9164,82.67,23,9,11.16,clear sky
303,Korla,CN,41.7597,86.1469,53.22,41,37,1.03,scattered clouds
304,Kalmunai,LK,7.4167,81.8167,80.29,75,95,4.5,overcast clouds
305,Moussoro,TD,13.6408,16.4901,87.78,24,87,3.24,overcast clouds
306,Charlestown,AU,-32.95,151.6667,71.82,75,100,5.01,moderate rain
307,Maputo,MZ,-25.9653,32.5892,74.88,83,20,13.8,few clouds
308,Diego De Almagro,CL,-26.3667,-70.05,60.98,23,1,0.76,clear sky
309,Aguia Branca,BR,-18.9831,-40.7403,71.19,85,15,2.75,few clouds
310,Diamantino,BR,-14.4086,-56.4461,82.96,51,90,5.21,overcast clouds
311,Bosaso,SO,11.2842,49.1816,81.54,64,16,2.24,few clouds
312,Antibes,FR,43.5624,7.1278,67.14,81,0,8.05,clear sky
313,Ust-Koksa,RU,50.2696,85.6108,33.22,89,40,0.98,scattered clouds
314,Nicoya,CR,10.1483,-85.452,75.51,90,100,3.13,overcast clouds
315,Xacmaz,AZ,41.4635,48.806,63.14,77,98,8.1,overcast clouds
316,Caravelas,BR,-17.7125,-39.2481,74.88,84,100,7.25,overcast clouds
317,Dubreka,GN,9.7911,-13.5233,75.36,90,27,1.14,scattered clouds
318,Manica,FR,49.0,-1.1667,46.38,79,21,3.49,few clouds
319,Sur,OM,22.5667,59.5289,81.03,58,82,2.3,broken clouds
320,Manoel Urbano,BR,-8.8389,-69.2597,72.68,95,20,2.19,moderate rain
321,Kisangani,CD,0.5167,25.2,69.51,99,100,2.21,overcast clouds
322,Vizinga,RU,61.0749,50.1031,41.02,96,98,8.05,overcast clouds
323,Puerto Ayora,EC,-0.7393,-90.3518,66.54,96,65,5.99,broken clouds
324,Villa Maria,AR,-32.4075,-63.2402,62.02,37,0,5.1,clear sky
325,Kontagora,NG,10.3999,5.4695,74.3,85,100,2.68,overcast clouds
326,Caluquembe,AO,-13.7833,14.6833,61.27,83,55,6.13,broken clouds
327,Lixourion,GR,38.2019,20.4314,67.68,65,100,4.85,overcast clouds
328,Rafaela,AR,-31.2503,-61.4867,62.98,43,4,8.25,clear sky
329,Sept-Iles,CA,50.2001,-66.3821,49.05,92,100,3.44,overcast clouds
330,Eucaliptus,BO,-17.5833,-67.5167,46.49,6,0,12.08,clear sky
331,Belize,BZ,17.25,-88.75,80.92,95,100,3.29,overcast clouds
332,Chagoda,RU,59.164,35.3285,50.13,74,100,13.44,overcast clouds
333,Skoghall,SE,59.3232,13.4655,52.36,71,20,13.8,few clouds
334,Ahvaz,IR,31.3203,48.6693,78.75,29,0,4.61,clear sky
335,Paarl,ZA,-33.7338,18.9752,56.01,89,0,4.47,clear sky
336,Chapais,CA,49.7834,-74.8492,38.98,97,100,10.31,overcast clouds
337,Sumbe,AO,-11.2061,13.8437,72.52,86,72,5.21,broken clouds
338,Dudinka,RU,69.4058,86.1778,26.65,89,100,14.27,overcast clouds
339,Qaqortoq,GL,60.7167,-46.0333,32.95,79,100,5.01,overcast clouds
340,Palora,EC,-1.7,-77.9333,66.31,98,100,2.93,moderate rain
341,Port Hawkesbury,CA,45.6169,-61.3485,57.18,99,100,10.36,mist
342,Saint-Augustin,CA,51.226,-58.6502,50.9,88,100,8.14,overcast clouds
343,Igrim,RU,63.1906,64.4162,41.97,95,100,3.8,overcast clouds
344,Kirillov,RU,59.863,38.3813,45.52,86,5,11.54,clear sky
345,Mopti,ML,14.6667,-4.0,78.84,83,0,2.3,clear sky
346,Whitewater,US,42.8336,-88.7323,55.44,63,2,13.58,clear sky
347,Sovetskaya,RU,44.7769,41.1722,51.26,85,0,6.15,clear sky
348,Aksarka,RU,66.5606,67.7975,36.23,96,99,6.06,overcast clouds
349,Faya,SA,18.3851,42.4509,66.31,47,72,1.43,broken clouds
350,Wad Madani,SD,14.4012,33.5199,84.18,48,84,8.52,broken clouds
351,Lehututu,BW,-23.9667,21.8667,71.37,10,81,15.99,broken clouds
352,San Cristobal,VE,7.7669,-72.225,71.78,98,100,2.71,overcast clouds
353,Caraballeda,VE,10.6112,-66.8522,79.38,84,100,1.43,overcast clouds
354,Panama City,PA,8.9936,-79.5197,80.55,83,40,5.75,scattered clouds
355,New Albany,US,38.2856,-85.8241,69.03,64,0,2.75,clear sky
356,Shahr-E Babak,IR,30.1165,55.1186,57.51,17,0,6.71,clear sky
357,Mazyr,BY,52.0495,29.2456,47.62,92,5,7.85,clear sky
358,Covington,US,39.0837,-84.5086,66.2,66,40,0.0,scattered clouds
359,Ormara,PK,25.2088,64.6357,78.48,79,0,7.11,clear sky
360,Leshukonskoye,RU,64.8989,45.7622,45.7,91,100,11.81,overcast clouds
361,Stornoway,GB,58.2093,-6.3865,51.93,82,75,14.97,light rain
362,Comodoro Rivadavia,AR,-45.8667,-67.5,53.46,37,0,23.02,clear sky
363,Joshimath,IN,30.5667,79.5667,61.02,72,100,3.71,overcast clouds
364,Fougamou,GA,-1.2154,10.5838,72.66,99,100,2.28,light rain
365,Parana,AR,-31.732,-60.5238,61.56,66,5,5.84,clear sky
366,Masumbwe,TZ,-3.6333,32.1833,69.89,43,100,4.12,overcast clouds
367,Puerto Colombia,CO,10.9878,-74.9547,77.09,86,100,4.85,overcast clouds
368,Kupino,RU,54.3663,77.2981,44.2,43,100,6.46,overcast clouds
369,Kindu,CD,-2.95,25.95,69.08,99,100,1.79,overcast clouds
370,Terenos,BR,-20.4422,-54.8603,69.51,94,75,4.61,broken clouds
371,Stryn,NO,61.9045,6.7226,50.88,97,100,11.23,light rain
372,Sioux Lookout,CA,50.1001,-91.917,32.07,86,75,9.22,broken clouds
373,Hommersak,NO,58.9317,5.8511,56.41,95,75,18.41,shower rain
374,Arcachon,FR,44.5875,-1.0519,59.32,100,0,3.44,clear sky
375,Lopandino,RU,52.4666,34.8163,47.48,97,94,8.34,overcast clouds
376,Sao Filipe,CV,14.8961,-24.4956,79.74,81,44,4.43,scattered clouds
377,Kanigiri,IN,15.4,79.5167,75.24,92,99,4.79,overcast clouds
378,Gaoual,GN,11.75,-13.2,73.6,95,5,2.26,light rain
379,Salalah,OM,17.0151,54.0924,76.17,86,100,3.15,overcast clouds
380,Bayir,TR,37.2687,28.2167,63.12,73,71,4.25,broken clouds
381,Teguldet,RU,57.3064,88.1667,29.17,90,46,3.29,scattered clouds
382,Sistranda,NO,63.7256,8.834,48.16,78,39,35.16,scattered clouds
383,Joao Pinheiro,BR,-17.7425,-46.1725,75.15,65,72,6.62,broken clouds
384,Itarema,BR,-2.9248,-39.9167,77.97,82,6,12.48,clear sky
385,Sechura,PE,-5.5569,-80.8222,63.97,80,9,14.9,clear sky
386,Polazna,RU,58.2946,56.4055,43.99,98,100,3.62,overcast clouds
387,Palmas De Monte Alto,BR,-14.2672,-43.1619,81.12,39,35,7.7,scattered clouds
388,Bhilwara,IN,25.35,74.6333,73.44,83,100,4.61,moderate rain
389,Saint-Georges,GD,12.0564,-61.7485,78.48,89,20,6.91,few clouds
390,Vryburg,ZA,-26.9566,24.7284,63.66,13,93,10.83,overcast clouds
391,Jimma,ET,7.6667,36.8333,57.06,94,100,0.76,overcast clouds
392,Doha,QA,25.2867,51.5333,85.98,78,0,2.3,clear sky
393,Garowe,SO,8.4054,48.4845,75.33,72,100,11.95,light rain
394,Ladario,BR,-19.0047,-57.6017,69.57,96,100,1.72,overcast clouds
395,Itaguai,BR,-22.8522,-43.7753,80.22,69,0,10.36,clear sky
396,Saint-Joseph,RE,-21.3667,55.6167,62.98,77,14,11.39,few clouds
397,Aguimes,ES,27.9054,-15.4461,70.43,66,20,17.27,few clouds
398,Oksovskiy,RU,62.6062,39.8984,46.44,85,100,14.0,overcast clouds
399,Voyvozh,RU,62.892,54.9635,40.68,96,100,7.74,overcast clouds
400,Luangwa,ZM,-15.6167,30.4167,72.55,38,0,1.9,clear sky
401,Pelym,RU,61.0108,61.9978,42.87,97,100,3.58,light rain
402,Remanso,BR,-9.6179,-42.0831,80.51,40,40,5.55,scattered clouds
403,Guanajay,CU,22.9264,-82.6875,77.56,80,18,10.04,few clouds
404,Isoka,ZM,-10.1606,32.6335,58.93,46,0,0.92,clear sky
405,Reserva,BR,-24.6503,-50.8506,63.01,99,100,4.65,overcast clouds
406,Orbetello,IT,42.4408,11.2196,65.37,65,100,4.23,overcast clouds
407,Borgo San Dalmazzo,IT,44.333,7.4858,62.89,100,100,0.6,overcast clouds
408,Darnah,LY,32.767,22.6367,70.65,54,0,25.19,clear sky
409,Codrington,AU,-38.2667,141.9667,60.19,70,45,14.0,scattered clouds
410,Uray,RU,60.1247,64.7758,44.46,85,100,5.57,overcast clouds
411,Sindor,RU,62.8629,51.8905,42.62,96,100,8.5,overcast clouds
412,Ancud,CL,-41.8697,-73.8203,52.18,98,100,21.36,light rain
413,Zaragoza,ES,41.6561,-0.8773,68.02,68,20,2.3,few clouds
414,Carndonagh,IE,55.25,-7.2667,53.69,89,100,19.51,overcast clouds
415,Umreth,IN,22.7,73.1167,76.77,78,100,11.48,moderate rain
416,Iguape,BR,-24.7081,-47.5553,68.31,98,100,5.57,moderate rain
417,Madras,IN,13.0878,80.2785,80.58,83,75,5.75,thunderstorm
418,Saint-Francois,FR,46.4154,3.9054,49.68,100,20,0.0,fog
419,Geraldton,AU,-28.7667,114.6,63.01,59,0,11.5,clear sky
420,Gonc,HU,48.4667,21.2833,51.58,82,39,5.61,scattered clouds
421,Puri,IN,19.8,85.85,79.32,79,98,7.25,overcast clouds
422,Ileza,RU,61.0533,43.9002,46.67,95,100,11.54,overcast clouds
423,Abu Samrah,SY,35.3029,37.1841,68.36,69,0,3.51,clear sky
424,Lyaskelya,RU,61.7667,31.0167,48.31,87,94,11.61,overcast clouds
425,Trelew,AR,-43.249,-65.3051,54.19,50,89,6.2,overcast clouds
426,Oranjemund,NA,-28.55,16.4333,55.56,87,0,10.92,clear sky
427,Dalvik,IS,65.9702,-18.5286,37.33,98,99,4.32,overcast clouds
428,Cepelare,BG,41.7333,24.6833,40.39,66,34,3.71,scattered clouds
429,Tabory,RU,58.5198,64.5495,44.92,64,100,6.35,overcast clouds
430,Manyana,BW,-23.4,21.7167,71.51,12,94,11.54,overcast clouds
431,Daura,NG,11.5538,11.4085,74.03,68,58,3.91,broken clouds
432,Pemba,MZ,-12.974,40.5178,72.3,88,20,3.44,few clouds
433,Tarko-Sale,RU,64.9225,77.785,34.14,83,100,17.98,overcast clouds
434,Taltal,CL,-25.4,-70.4833,64.8,47,0,4.97,clear sky
435,Vorukh,TJ,39.8494,70.5838,48.13,42,3,1.99,clear sky
436,Eirunepe,BR,-6.6603,-69.8736,73.94,95,68,3.18,broken clouds
437,Nueva Loja,EC,0.0847,-76.8828,78.55,79,91,2.06,overcast clouds
438,Vila Velha,BR,-20.3297,-40.2925,76.95,83,75,8.05,broken clouds
439,Beloha,MG,-25.1667,45.05,70.7,59,0,3.2,clear sky
440,Uusikaupunki,FI,60.8004,21.4084,53.26,77,4,23.87,clear sky
441,Asfi,MA,32.2994,-9.2372,71.78,63,66,6.62,broken clouds
442,Keti Bandar,PK,24.1447,67.4497,80.1,79,0,13.06,clear sky
443,Vestmannaeyjar,IS,63.4427,-20.2734,40.8,77,93,25.72,overcast clouds
444,Barahona,DO,18.2085,-71.1008,80.65,81,65,8.59,broken clouds
445,Mpanda,TZ,-6.3655,31.0409,65.64,32,95,2.68,overcast clouds
446,Santa Luzia,BR,-19.7697,-43.8514,77.9,67,0,5.75,light rain
447,Surt,LY,31.2089,16.5887,71.96,63,0,5.75,clear sky
448,Ipixuna,BR,-1.7625,-48.8043,79.05,76,10,6.2,clear sky
449,Maragogi,BR,-9.0122,-35.2225,75.24,87,9,6.15,clear sky
450,Havelock,US,34.8791,-76.9013,70.95,83,42,6.31,scattered clouds
451,Watsa,CD,3.0372,29.5355,62.35,98,100,0.83,overcast clouds
452,Caldono,CO,2.7974,-76.4832,60.91,97,100,0.76,overcast clouds
453,Shache,CN,38.4167,77.2406,57.7,55,100,5.64,overcast clouds
454,Sundargarh,IN,22.1167,84.0333,74.07,95,100,4.59,overcast clouds
455,Itaituba,BR,-4.2761,-55.9836,82.11,53,83,0.69,broken clouds
456,Sonqor,IR,34.7837,47.6004,58.39,26,0,4.12,clear sky
457,Yarim,YE,14.298,44.3779,53.74,47,31,2.8,scattered clouds
458,Macapa,BR,0.0389,-51.0664,84.18,74,20,12.66,few clouds
459,Allapalli,IN,19.4167,80.0667,73.45,97,70,4.85,broken clouds
460,Varnavino,RU,57.4035,45.0916,44.51,93,100,9.71,overcast clouds
461,Voi,KE,-3.3945,38.563,68.76,78,99,10.47,overcast clouds
462,Campo Verde,BR,-20.4167,-54.0667,70.0,88,100,17.9,light rain
463,Bay City,US,43.5945,-83.8889,53.92,92,100,5.75,light rain
464,Kashi,CN,39.4547,75.9797,52.81,71,93,8.95,light rain
465,Yabelo,ET,4.8833,38.0833,60.28,78,96,7.0,overcast clouds
466,Hofn,IS,64.2539,-15.2082,43.63,61,96,10.69,overcast clouds
467,Gamba,GA,-2.65,10.0,75.11,86,100,5.79,overcast clouds
468,Aripuana,BR,-9.1667,-60.6333,82.65,49,60,1.74,broken clouds
469,Shebalino,RU,51.2917,85.6772,37.71,89,91,2.77,overcast clouds
470,Puerto Leguizamo,CO,-0.1934,-74.7819,80.85,68,97,2.28,overcast clouds
471,Siniscola,IT,40.5719,9.6922,62.04,75,6,3.56,clear sky
472,Paita,PE,-5.0892,-81.1144,63.72,85,8,13.31,clear sky
473,Thiruvananthapuram,IN,8.4833,76.9167,76.98,88,75,4.61,mist
474,Gazojak,TM,41.1875,61.4036,55.69,20,100,5.57,overcast clouds
475,Freeport,US,40.6576,-73.5832,69.17,79,83,7.67,broken clouds
476,Safaga,EG,26.7292,33.9365,81.48,53,17,16.42,few clouds
477,Hamirpur,IN,25.95,80.15,73.42,96,99,9.91,overcast clouds
478,Ambilobe,MG,-13.2,49.05,65.12,84,0,5.06,clear sky
479,Yenagoa,NG,4.9247,6.2642,73.9,93,100,4.38,light rain
480,Kismayo,SO,-0.3582,42.5454,78.24,71,86,13.42,overcast clouds
481,Vallenar,CL,-28.5708,-70.7581,68.18,26,14,2.3,few clouds
482,Solenzo,BF,12.1833,-4.0833,77.67,72,74,4.34,broken clouds
483,Port Washington,US,40.8257,-73.6982,68.79,73,90,1.01,overcast clouds
484,Ailigandi,PA,9.2333,-78.0167,79.93,84,99,7.45,overcast clouds
485,Olavarria,AR,-36.8927,-60.3225,53.51,48,0,8.43,clear sky
486,Sorland,NO,67.667,12.6934,48.06,71,100,25.59,overcast clouds
487,Harlingen,US,26.1906,-97.6961,80.69,37,100,9.24,overcast clouds
488,La Romana,DO,18.4273,-68.9728,77.56,88,7,10.96,clear sky
489,Vadinsk,RU,53.6916,43.0574,48.81,94,76,9.8,broken clouds
490,Inirida,CO,3.8653,-67.9239,79.77,76,93,2.84,overcast clouds
491,Porosozero,RU,62.7191,32.727,46.2,85,100,13.49,overcast clouds
492,San Ramon De La Nueva Oran,AR,-23.1322,-64.326,69.42,39,1,3.2,clear sky
493,Awjilah,LY,29.1081,21.2869,67.53,53,0,7.99,clear sky
494,Lieksa,FI,63.3167,30.0167,47.68,79,78,17.87,broken clouds
495,Kargopol,RU,61.5071,38.9456,44.47,86,5,12.35,clear sky
496,Lobito,AO,-12.3481,13.5456,70.92,86,21,4.9,few clouds
497,Mahanoro,MG,-19.9,48.8,63.99,89,75,4.38,broken clouds
498,Turayf,SA,31.6725,38.6637,76.48,23,0,9.66,clear sky
499,Roverud,NO,60.2521,12.055,48.04,79,10,11.03,clear sky
500,Rosario,AR,-32.9468,-60.6393,65.95,49,0,9.22,clear sky
501,Shieli,KZ,44.1667,66.75,51.73,31,10,1.45,clear sky
502,Usinsk,RU,65.9939,57.5281,39.99,95,100,13.62,overcast clouds
503,Chany,RU,55.3121,76.7647,45.01,47,100,6.76,overcast clouds
504,Revda,RU,56.801,59.9303,40.64,93,23,6.73,few clouds
505,Tatarsk,RU,55.219,75.9828,44.29,46,100,6.91,overcast clouds
506,Bombay,IN,19.0144,72.8479,82.38,89,75,0.0,haze
507,Supia,CO,5.453,-75.6507,64.94,98,100,1.07,overcast clouds
508,Cuamba,MZ,-14.8031,36.5372,70.2,38,0,4.45,clear sky
509,Benguela,AO,-12.5763,13.4055,70.47,85,36,4.92,scattered clouds
510,Tourlaville,FR,49.6383,-1.5664,54.82,87,100,5.75,overcast clouds
511,Bjerkvik,NO,68.5597,17.5189,44.42,86,100,13.33,overcast clouds
512,Zanjan,IR,36.6736,48.4787,52.97,84,14,7.92,few clouds
513,Chardara,KZ,41.2547,67.9692,54.18,40,0,1.97,clear sky
514,Istanbul,TR,41.0351,28.9833,62.76,67,0,13.8,clear sky
515,Samarkand,UZ,39.6542,66.9597,49.42,50,0,9.22,clear sky
516,Suure-Jaani,EE,58.5361,25.4706,53.47,73,100,16.04,overcast clouds
517,Hobyo,SO,5.3505,48.5268,76.75,88,66,17.76,broken clouds
518,Marfino,RU,55.7028,37.3822,51.94,87,20,15.66,few clouds
519,Urrao,CO,6.3152,-76.1342,58.87,98,100,2.15,moderate rain
520,Sabha,LY,27.0377,14.4283,69.33,44,0,12.84,clear sky
521,La Brea,HN,15.8,-85.9667,73.18,97,100,1.92,overcast clouds
522,Americus,US,32.0724,-84.2327,63.99,39,0,5.19,clear sky
523,Kaduqli,SD,11.0167,29.7167,73.38,86,53,4.23,broken clouds
524,Birin,NP,26.8865,88.0718,61.02,83,26,3.09,scattered clouds
525,Jumla,NP,29.2747,82.1838,55.2,95,100,3.91,overcast clouds
526,Bonthe,SL,7.5264,-12.505,77.0,89,100,5.39,light rain
527,Maarianhamina,AX,60.0973,19.9348,55.26,71,0,12.66,clear sky
528,Barentu,ER,15.1139,37.5928,76.48,55,100,3.49,overcast clouds
529,Shu,KZ,43.5983,73.7614,52.34,32,0,1.72,clear sky
530,Naryan-Mar,RU,67.6713,53.087,40.64,95,100,16.08,overcast clouds
531,Arrifes,PT,37.7667,-25.7,67.23,82,20,2.3,few clouds
532,Plettenberg Bay,ZA,-34.0527,23.3716,58.44,83,100,7.45,overcast clouds
533,Rudbar,AF,30.15,62.6,60.85,16,0,6.38,clear sky
534,Gainesville,US,29.6516,-82.3248,71.1,74,0,4.61,clear sky
535,Beyneu,KZ,45.3167,55.2,60.04,29,100,9.31,overcast clouds
536,Remontnoye,RU,46.5614,43.6501,50.18,63,0,2.21,clear sky
537,Lethem,GY,3.3803,-59.7968,81.81,63,73,3.98,light rain
538,Gualeguay,AR,-33.1416,-59.3097,57.67,64,35,7.11,scattered clouds
539,Iraucuba,BR,-3.7461,-39.7833,76.37,71,7,5.23,clear sky
540,Umred,IN,20.85,79.3333,75.49,96,77,6.42,broken clouds
541,Arnold,GB,53.0,-1.1333,57.96,85,100,16.67,overcast clouds
542,Krasnoborsk,RU,61.5598,45.934,45.43,91,100,11.79,overcast clouds
543,Ulagan,RU,50.6321,87.9563,30.92,92,99,0.51,overcast clouds
544,Hukuntsi,BW,-24.0,21.75,71.6,9,79,17.58,broken clouds
545,Etah,IN,27.6333,78.6667,72.1,94,100,10.31,overcast clouds
546,Chalmette,US,29.9427,-89.9634,79.0,54,22,3.65,few clouds
547,Aksu,CN,41.1231,80.2644,55.18,35,100,3.2,overcast clouds
548,Spring Hill,US,28.4769,-82.5255,75.0,76,0,6.08,clear sky
549,Eskisehir,TR,39.7767,30.5206,50.04,93,26,5.44,scattered clouds
550,Banda Aceh,ID,5.5577,95.3222,76.75,88,100,12.53,moderate rain
551,Valparaiso,CL,-33.0393,-71.6273,65.84,100,0,5.75,clear sky
552,Barcarena,BR,-1.5058,-48.6258,80.65,77,40,11.16,scattered clouds
553,Barreirinha,BR,-2.7933,-57.07,81.55,45,0,2.33,clear sky
554,Millau,FR,44.0833,2.9167,57.33,93,15,3.13,few clouds
555,Goksun,TR,38.021,36.4973,54.72,70,0,3.0,clear sky
556,Zwedru,LR,6.0667,-8.1281,71.26,99,98,2.51,overcast clouds
557,Arlit,NE,18.7369,7.3853,87.87,20,92,13.13,overcast clouds
558,Mandera,KE,3.9366,41.867,76.57,68,38,14.38,scattered clouds
559,Lucea,JM,18.451,-78.1736,80.85,80,88,11.12,overcast clouds
560,Guntakal,IN,15.1667,77.3833,71.08,93,100,5.79,overcast clouds
561,Olkhovatka,RU,50.2831,39.2872,48.67,84,69,6.4,broken clouds
562,Werda,BW,-25.2667,23.2833,68.29,12,50,9.71,scattered clouds
563,Kuminskiy,RU,58.6667,66.5667,46.72,67,100,7.23,overcast clouds
564,Nador,MA,35.174,-2.9287,71.85,88,75,9.22,broken clouds
565,Itapevi,BR,-23.5489,-46.9342,75.83,67,100,3.85,heavy intensity rain
566,Riviere-Au-Renard,CA,48.9957,-64.3971,51.89,78,22,2.37,few clouds
567,Barkhan,PK,29.8977,69.5256,70.65,28,0,5.55,clear sky
568,Mazagao,BR,-0.115,-51.2894,82.45,73,42,6.06,scattered clouds
569,Andijon,UZ,40.7821,72.3442,54.68,33,100,1.86,overcast clouds
570,De Aar,ZA,-30.6497,24.0123,61.18,29,100,10.38,overcast clouds
571,San Matias,BO,-16.3667,-58.4,73.4,88,100,9.64,moderate rain
572,Mehran,IR,33.1222,46.1646,85.59,11,0,5.64,clear sky
573,Iquique,CL,-20.2208,-70.1431,60.84,80,31,0.65,scattered clouds
574,Chateauroux,FR,46.8167,1.7,50.0,93,0,4.61,clear sky
575,Soyo,AO,-6.1349,12.3689,75.92,86,100,6.24,light rain
576,Baherden,TM,38.4362,57.4316,60.96,42,0,3.98,clear sky
577,Sinnamary,GF,5.3833,-52.95,80.04,80,15,13.33,few clouds
578,Antalaha,MG,-14.9003,50.2788,67.08,80,57,8.01,broken clouds
579,Kulhudhuffushi,MV,6.6221,73.07,80.96,74,48,15.73,scattered clouds
580,Kautokeino,NO,69.0125,23.0412,39.43,81,99,21.07,overcast clouds
581,Korem,ET,12.5058,39.5228,56.32,77,100,1.63,overcast clouds
582,Praia,CV,14.9215,-23.5087,81.14,78,100,16.11,overcast clouds
583,Farafangana,MG,-22.8167,47.8333,65.5,91,7,8.39,clear sky
584,Port Antonio,JM,18.18,-76.4612,82.0,82,70,3.91,broken clouds
585,Gwadar,PK,25.1216,62.3254,78.13,76,0,1.92,clear sky
586,Mala Vyska,UA,48.6431,31.6366,50.5,92,87,7.14,overcast clouds
587,Marsa Matruh,EG,31.3525,27.2453,70.79,55,0,11.74,clear sky
588,Louis Trichardt,ZA,-23.0439,29.9032,68.32,37,0,2.89,clear sky
589,Sao Desiderio,BR,-12.3633,-44.9733,80.2,36,13,3.18,few clouds
590,Agadez,NE,19.75,10.25,79.03,27,8,11.99,clear sky
591,Sakakah,SA,29.9697,40.2064,80.17,27,0,2.39,clear sky
592,Jacareacanga,BR,-6.2222,-57.7528,83.05,48,93,2.64,overcast clouds
593,Saint Anthony,US,45.0205,-93.218,49.24,67,40,13.8,scattered clouds
594,Batticaloa,LK,7.7102,81.6924,80.58,75,94,7.29,overcast clouds
595,Karibib,NA,-21.9333,15.8333,68.31,22,9,4.56,clear sky
596,Zhanaozen,KZ,43.3,52.8,57.42,80,100,16.49,overcast clouds
597,Lazdijai,LT,54.2333,23.5167,45.23,87,0,8.5,clear sky
598,Beruwala,LK,6.4788,79.9828,77.02,87,99,6.8,overcast clouds
599,Talcahuano,CL,-36.7167,-73.1167,53.31,90,100,2.39,overcast clouds
600,Kalush,UA,49.0119,24.3731,55.49,80,100,4.34,overcast clouds
601,Thaba-Tseka,LS,-29.522,28.6084,56.39,48,17,4.92,few clouds
602,Sendafa,ET,9.15,39.0333,48.11,79,99,4.74,overcast clouds
603,Saurimo,AO,-9.6608,20.3916,64.13,85,93,2.17,overcast clouds
604,Cochrane,CA,51.1834,-114.4687,56.89,55,7,6.82,clear sky
605,Esmeraldas,BR,-19.7625,-44.3139,76.06,88,100,3.89,light rain
606,Letterkenny,IE,54.95,-7.7333,54.16,88,100,18.12,overcast clouds
607,Rocha,UY,-34.4833,-54.3333,55.76,96,100,12.55,overcast clouds
608,Tsumeb,NA,-19.2333,17.7167,78.67,15,90,8.41,overcast clouds
609,Kaka,TM,37.3482,59.6143,54.77,19,0,3.22,clear sky
610,Massakory,TD,12.996,15.7293,84.33,60,100,9.84,overcast clouds
611,Lakeside,US,30.13,-81.7682,73.35,68,0,3.44,clear sky
612,Oriximina,BR,-1.7656,-55.8661,83.61,47,44,4.34,scattered clouds
613,Pila,PL,53.1515,16.7378,47.53,74,0,5.57,clear sky
614,Fatezh,RU,52.0891,35.8632,46.38,96,13,8.81,few clouds
615,Thasra,IN,22.8,73.2167,73.8,78,100,12.88,moderate rain
616,Alakurtti,RU,66.9672,30.3491,40.35,88,36,11.1,scattered clouds
617,Raduzhnyy,RU,62.0961,77.475,35.85,89,100,12.39,overcast clouds
618,Koundara,GN,12.4833,-13.3,74.48,93,5,4.09,light rain
619,Avila,ES,40.5833,-5.0,56.64,71,100,5.08,overcast clouds
620,Ascoli Piceno,IT,42.8548,13.5749,63.25,88,100,3.65,overcast clouds
621,Mangrol,IN,21.1167,70.1167,79.56,76,56,10.31,broken clouds
622,Gojra,PK,31.1487,72.6866,73.18,66,0,7.16,clear sky
623,Upington,ZA,-28.4478,21.2561,57.47,40,100,11.72,overcast clouds
624,Imbituba,BR,-28.24,-48.6703,68.86,97,100,13.65,overcast clouds
625,Iquitos,PE,-3.7481,-73.2472,77.04,83,100,3.44,overcast clouds
626,Morant Bay,JM,17.8815,-76.4093,81.72,82,82,6.51,broken clouds
627,Weligama,LK,5.9667,80.4167,76.3,88,99,9.8,overcast clouds
628,Chicama,PE,-7.8447,-79.1469,57.74,84,55,4.76,broken clouds
629,Keta,GH,5.9179,0.9879,77.65,85,100,14.36,light rain
630,Biga,TR,40.2281,27.2422,64.06,66,97,17.52,overcast clouds
631,Moose Factory,CA,51.2585,-80.6094,39.18,81,100,13.8,overcast clouds
632,Bobo Dioulasso,BF,11.1771,-4.2979,75.67,76,77,1.88,broken clouds
633,Floro,NO,61.5996,5.0328,51.76,76,100,24.16,light intensity shower rain
634,Araxa,BR,-19.5933,-46.9406,69.98,78,99,4.07,overcast clouds
635,Havoysund,NO,70.9963,24.6622,44.83,93,100,39.71,light rain
636,Timra,SE,62.487,17.3257,51.67,57,7,8.05,clear sky
637,Tysmenytsya,UA,48.9022,24.8448,55.36,80,100,3.85,overcast clouds
638,Khash,IR,28.2211,61.2158,58.05,9,0,4.52,clear sky
639,Shushtar,IR,32.0455,48.8567,83.52,13,0,1.23,clear sky
640,Niteroi,BR,-22.8833,-43.1036,75.6,81,40,6.91,scattered clouds
641,Camacha,PT,33.0833,-16.3333,67.42,78,20,12.66,few clouds
642,Kinsale,IE,51.7075,-8.5306,58.23,88,75,19.57,broken clouds
643,Pitimbu,BR,-7.4706,-34.8086,77.59,87,16,8.57,few clouds
644,Yelkhovka,RU,53.8667,50.2832,41.76,94,8,6.44,clear sky
645,Bathsheba,BB,13.2167,-59.5167,80.87,80,100,13.96,overcast clouds
646,Guacui,BR,-20.7756,-41.6794,66.85,92,100,2.75,overcast clouds
647,Guajara,BR,-2.9667,-57.6667,81.75,51,3,2.77,clear sky
648,Razole,IN,16.4833,81.8333,77.18,92,100,4.83,overcast clouds
649,Riyadh,SA,24.6877,46.7219,79.34,15,0,4.38,clear sky
650,Ostrovnoy,RU,68.0531,39.5131,44.26,90,100,12.15,overcast clouds
651,Bariadi,TZ,-2.8,33.9833,71.28,47,97,5.91,overcast clouds
652,Mao,ES,39.8885,4.2658,72.16,83,75,14.97,light intensity shower rain
653,Coro,VE,11.4045,-69.6734,77.97,91,100,6.53,overcast clouds
654,Mogadishu,SO,2.0371,45.3438,76.91,83,89,13.27,overcast clouds
655,Dhidhdhoo,MV,6.8833,73.1,81.3,73,13,16.33,few clouds
656,Semey,KZ,50.4111,80.2275,34.02,60,0,0.0,clear sky
657,Abu Kamal,SY,34.4506,40.9171,79.12,27,98,5.91,overcast clouds
658,Abdanan,IR,32.9926,47.4198,74.48,15,0,10.49,clear sky
659,Kungsbacka,SE,57.4872,12.0761,57.18,84,100,21.0,overcast clouds
660,Oksfjord,NO,70.2396,22.3479,46.58,95,100,39.62,light rain
661,Lindsay,US,36.203,-119.0882,91.6,34,0,8.05,clear sky
662,Kingisepp,RU,59.3733,28.6134,53.69,67,98,13.13,overcast clouds
663,Mizdah,LY,31.4451,12.9801,60.28,80,0,7.72,clear sky
664,Runkel,DE,50.4,8.1667,50.14,86,0,0.92,clear sky
665,Russi,IT,44.3725,12.0322,65.59,77,93,3.47,overcast clouds
666,Tukrah,LY,32.5341,20.5791,69.51,62,0,9.91,clear sky
667,Zabid,YE,14.1951,43.3152,85.53,69,97,4.05,overcast clouds
668,Balashov,RU,51.5502,43.1667,50.72,80,100,6.89,overcast clouds
669,Sehithwa,BW,-20.4667,22.7167,71.91,19,0,3.6,clear sky
670,Muros,ES,42.7762,-9.0603,62.83,85,1,5.93,clear sky
671,Bagado,CO,5.4116,-76.4152,74.46,97,100,2.15,light rain
672,Xapuri,BR,-10.6517,-68.5044,74.77,91,59,1.66,heavy intensity rain
673,Cocobeach,GA,1.0002,9.5823,77.43,86,100,4.7,light rain
674,Afua,BR,-0.1567,-50.3867,79.79,72,42,8.75,scattered clouds
675,Odweyne,SO,9.4092,45.064,74.5,58,100,3.71,overcast clouds
676,Pajan,EC,-1.5667,-80.4167,71.87,81,63,5.91,broken clouds
677,Ritchie,ZA,-29.038,24.6028,61.18,13,100,5.79,overcast clouds
678,Muisne,EC,0.6,-80.0333,74.66,81,92,7.63,overcast clouds
679,Isla Mujeres,MX,21.2311,-86.731,78.85,74,99,9.37,overcast clouds
680,Pangody,RU,65.85,74.4859,35.08,93,100,12.26,light snow
681,Salta,AR,-24.7859,-65.4117,63.57,41,0,1.01,clear sky
682,Chiredzi,ZW,-21.05,31.6667,70.81,50,0,5.06,clear sky
683,Opuwo,NA,-18.0607,13.84,70.99,26,4,3.02,clear sky
684,Bud,US,39.447,-86.1758,62.15,81,0,6.55,clear sky
685,Senigallia,IT,43.7093,13.2167,64.29,70,85,3.44,overcast clouds
686,Kidal,ML,18.4411,1.4078,86.18,25,18,3.98,few clouds
687,Chingirlau,KZ,51.095,54.0814,48.42,71,100,5.82,overcast clouds
688,Contai,IN,21.7786,87.7536,79.95,86,13,3.56,few clouds
689,Annau,TM,37.8876,58.516,60.84,16,1,2.3,clear sky
690,Muzhi,RU,65.3667,64.6667,40.3,94,100,4.59,light rain
691,Vila Do Maio,CV,15.1333,-23.2167,81.39,87,80,10.36,broken clouds
692,Skjervoy,NO,70.0311,20.9714,50.0,83,100,39.62,light rain
693,Marystown,CA,47.1666,-55.1483,53.96,86,90,6.58,overcast clouds
694,Pedernales,DO,18.0384,-71.744,82.47,67,92,4.54,overcast clouds
